,exact_match,rouge1,rouge2,rougeL,rougeLsum,meteor,bert_score_model,bert_score_avg_precision,bert_score_avg_recall,bert_score_avg_f1,iteration,summac_conv_scores
0,0.2742,0.3643989591832129,0.24969597515678174,0.36302207010545307,0.36279169771118147,0.31114583922144845,roberta-large_L17_no-idf_version=0.3.12(hug_trans=4.51.1),0.8794755746722221,0.8753690769195557,0.8768839037656784,0,0.2625183876991272
1,0.2734,0.3545422793702262,0.24199719135710235,0.3537705179965437,0.35373699895583155,0.29769211883402125,roberta-large_L17_no-idf_version=0.3.12(hug_trans=4.51.1),0.8802222178220749,0.8726639134407044,0.8758603671193123,1,0.26686105834543705
2,0.2698,0.3504819363849261,0.2377604015039731,0.34957350164475876,0.349573223251198,0.2926228825092099,roberta-large_L17_no-idf_version=0.3.12(hug_trans=4.51.1),0.8806753556489945,0.8714654012441635,0.8754668814182281,2,0.26926910804212095
3,0.2684,0.34643061312625023,0.23442377683795895,0.3457154595293645,0.3455349102063254,0.2878783551499132,roberta-large_L17_no-idf_version=0.3.12(hug_trans=4.51.1),0.8807548571586609,0.8708890253543854,0.8752109347701073,3,0.2706790926098824
4,0.266,0.34191723755910797,0.23123232955471337,0.3410257660599575,0.3408808070278736,0.28351096337424486,roberta-large_L17_no-idf_version=0.3.12(hug_trans=4.51.1),0.8803415975093841,0.8701785057067871,0.8746391120195389,4,0.2698749793112278
5,0.2634,0.33869926722922533,0.22896431674879936,0.33779152530258616,0.33791915371597614,0.2801762719915134,roberta-large_L17_no-idf_version=0.3.12(hug_trans=4.51.1),0.880682322537899,0.8695434442520141,0.8744788782000542,5,0.2697897474229336
