,exact_match,rouge1,rouge2,rougeL,rougeLsum,meteor,bert_score_model,bert_score_avg_precision,bert_score_avg_recall,bert_score_avg_f1,iteration,summac_conv_scores
0,0.4626,0.5797068346908089,0.4598745078069637,0.5790789060907193,0.5784736515593993,0.5540681600033691,roberta-large_L17_no-idf_version=0.3.12(hug_trans=4.51.1),0.9118415759444237,0.918864534521103,0.9149773055911065,0,0.3000793885022402
1,0.4052,0.5312302016195714,0.42326847838353066,0.5302192411691173,0.5299468027406096,0.5303453531831046,roberta-large_L17_no-idf_version=0.3.12(hug_trans=4.51.1),0.8994584604859353,0.9102483065605164,0.9044766339898109,1,0.2947775273472071
2,0.3784,0.5079722932029953,0.40196681892095304,0.5062209055553946,0.5060652662168927,0.5157124349888723,roberta-large_L17_no-idf_version=0.3.12(hug_trans=4.51.1),0.8939637827634811,0.9058067158460618,0.8995068433165551,2,0.2910089377224445
3,0.3762,0.5056834714152718,0.40019421137502964,0.5038313420558693,0.5034875681592319,0.5141970233522376,roberta-large_L17_no-idf_version=0.3.12(hug_trans=4.51.1),0.8932221374154091,0.9053132397651672,0.8988895754814148,3,0.2915813027560711
4,0.3598,0.490269765315949,0.38711251162113325,0.4882968590814731,0.48847579794026075,0.5039618244713562,roberta-large_L17_no-idf_version=0.3.12(hug_trans=4.51.1),0.8896873397350311,0.9024774771332741,0.8956982661008834,4,0.2896111808806658
5,0.3488,0.47960705481362464,0.3798610551499302,0.4775269411323243,0.4774967711605005,0.4968565164103158,roberta-large_L17_no-idf_version=0.3.12(hug_trans=4.51.1),0.8870607612609863,0.9003576737046242,0.8933184160232543,5,0.2895659393072128
