,exact_match,rouge1,rouge2,rougeL,rougeLsum,meteor,bert_score_model,bert_score_avg_precision,bert_score_avg_recall,bert_score_avg_f1,iteration,summac_conv_scores
0,0.212,0.326943404,0.208367665,0.325724815,0.325147995,0.288139164,roberta-large_L17_no-idf_version=0.3.12(hug_trans=4.51.1),0.868534674,0.866914803,0.867183294,0,0.263304455
1,0.2488,0.35159264,0.242102949,0.350317449,0.349666073,0.30595653,roberta-large_L17_no-idf_version=0.3.12(hug_trans=4.51.1),0.878032017,0.871822885,0.874346691,1,0.283192517
2,0.253,0.35419093,0.247008949,0.352824081,0.351901474,0.307453503,roberta-large_L17_no-idf_version=0.3.12(hug_trans=4.51.1),0.879431198,0.872498272,0.875396833,2,0.286060818
3,0.2532,0.353607002,0.24718482,0.352198673,0.35178797,0.30762543,roberta-large_L17_no-idf_version=0.3.12(hug_trans=4.51.1),0.879378202,0.872693345,0.875463654,3,0.286410588
4,0.2534,0.353248166,0.248635225,0.352263616,0.352130611,0.308421718,roberta-large_L17_no-idf_version=0.3.12(hug_trans=4.51.1),0.879442671,0.872798252,0.875560868,4,0.287661601
5,0.2532,0.350825083,0.248275343,0.349457063,0.349603858,0.305821002,roberta-large_L17_no-idf_version=0.3.12(hug_trans=4.51.1),0.878990189,0.872207678,0.875031284,5,0.287476024
